,benchmark,Iteration 0,Iteration 1,Iteration 2,Iteration 3,Iteration 4,Iteration 5,Iteration 6,Iteration 7,Iteration 8,Iteration 9,Iteration 10,Iteration 11,Iteration 12,Iteration 13,Iteration 14,Iteration 15,Iteration 16,Iteration 17,Iteration 18,Iteration 19,Iteration 20,Iteration 21,Iteration 22,Iteration 23,Iteration 24,Iteration 25,Iteration 26,Iteration 27,Iteration 28,Iteration 29
0,zipkin2.codec.ProtoCodecBenchmarks.bytebuffer_protobufDecoder,373.2936004682092,536.5848556382826,612.5371075454392,627.5273921777114,600.3913034836153,593.7514004448935,572.9341488314312,637.1957372751729,632.4523816185898,612.5517818836972,603.8299512206271,619.8422476685994,611.8513164569968,652.7680550022123,661.507723249338,630.3287799011603,603.7483347516388,538.122053331867,597.2916210967536,655.6176293749606,660.8895812562482,663.852672719676,622.0436241010788,602.5470469731871,635.9366592152394,622.7262483317074,607.6521218622404,609.4154663577182,660.7318098646365,667.1494784830106
1,zipkin2.codec.ProtoCodecBenchmarks.bytebuffer_wireDecoder,378.81249027162175,460.0589409391597,485.2691371887837,458.98078726380203,418.8480950322035,491.49261840822385,489.5268946190559,415.05612625900403,455.44266661090023,505.3098925290077,492.38294841807993,505.38966314096984,484.4329968521334,473.21176784581684,490.48662950046764,461.10434078416534,461.5178730463328,507.40129691371965,505.65144434638313,510.6213461876278,510.929447174876,512.5892487939338,508.7851842999359,489.7819148267355,503.99937425832934,479.3791699390079,491.6391643851345,511.0781274951867,426.27179222445073,495.5367638090663
2,zipkin2.internal.ReadBufferBenchmarks.readLong,143423020.84818712,142729846.35887128,137477341.99912298,142941120.8916907,143267524.98044083,143150798.20264465,143358399.58599102,143674385.49811292,138279750.80599934,143383275.47754127,143940705.66816515,142720018.9629754,143704217.14985076,143333742.96388775,143425988.8960187,142106640.2300862,143612313.45610037,143503737.06861815,143655779.774817,143396233.29793814,143723869.52205604,143542579.64172578,143708279.81735975,142217394.85357475,143039874.98803058,144372927.34961382,144334047.41935578,145222035.01450217,144173588.59688476,144208867.06094024
3,zipkin2.internal.ReadBufferBenchmarks.readLongReverseBytes,115871607.02889587,143186954.15549856,139691176.097204,135567118.63802952,134637590.49381062,135061974.48287028,135436036.36617166,135297733.91318825,130095629.96983701,134654620.0237729,135621291.11762795,132192670.13772567,136357469.18666604,137679585.57243574,138309405.13990703,137355697.57473463,137786095.2840124,136466298.63262326,138199049.17952985,138109630.98370898,137881163.894932,137315418.8379848,138595124.44548053,137286009.09844187,138698246.8973771,138781430.84399858,138435052.3559335,138298296.2545307,139022521.8667941,134166844.70073502
4,zipkin2.internal.ReadBufferBenchmarks.readLong_8arity,133096364.75112428,132998036.16386671,143800846.3629183,147455443.0464224,144429616.37432703,143182686.21792996,142637836.53694713,142536092.51641592,142780372.42683586,143305339.68760538,140414133.96552768,136046847.6881252,142533992.42454666,143739524.83113673,145091124.94254857,142001762.61288235,147939362.01447707,146244355.16809726,144676907.7671847,144529510.25933978,131795576.89131032,146614637.28611803,150716632.9663238,150741097.95058617,150294170.57763463,150323479.22432938,149003052.7405659,149208430.64602855,150624026.02021363,150784406.9870341
5,zipkin2.internal.ReadBufferBenchmarks.readLong_8arity_localArray,142974876.1629773,137095188.06212732,141281390.3972681,142394867.85271546,141495291.3338721,140437331.56520173,142091850.00530076,140880285.41989928,140708033.26714084,142471091.57411224,142894622.59759802,140750746.9136756,140659055.13565388,138503685.0517777,139107672.5606442,140281187.17834213,139032549.43863437,139429212.47327816,139954973.57229877,138823236.23282638,139062246.57828516,140609385.87847674,135113812.25112846,139056456.04741785,136116317.38399258,140641034.8746915,138886701.30671933,137735762.6353788,139514368.4339008,138627444.84255397
6,zipkin2.internal.ReadBufferBenchmarks.readLong_localArray,138439388.75571617,133518831.65887383,140973028.29047298,142077001.03383544,143304842.49300456,140940204.92377806,141786818.14830405,144662465.27757317,146770497.43444416,147356411.05854657,146380996.68110567,147578480.1717638,148053454.0170231,148185663.95373356,148881513.90629765,148392910.76599905,148691409.3803165,149787544.13492662,149961617.95237043,149036618.15765247,150720707.3104313,149665524.55732405,150603338.58994424,151149424.20028675,150687559.7729803,151790385.4542161,153976772.7191537,154807102.86682028,154640770.83001146,154268499.62904236
7,zipkin2.EndpointBenchmarks.parseIpv4_addr,14386717.197835628,27006416.395952538,28343466.14915242,10499201.92113029,9784405.572826557,12156415.958980307,10646179.77983724,11961172.14095245,13261474.814099567,13549981.658872997,21004659.404613543,25582256.55612955,32072917.516630363,34008006.33408679,13635103.742785675,10065633.371336794,17414831.018838182,14853916.169482842,11958828.732687125,8981676.342546146,14141989.874585822,15077729.435512695,15314099.717880026,14573192.261629682,19484920.00320723,27448482.710402682,17056160.333797492,28531017.846319623,30004986.206062324,23815028.711695097
8,zipkin2.codec.CodecBenchmarks.readTenClientSpans_JSON_V2,16320.600893369561,20152.810678691047,21553.39643591213,21606.548287325637,19855.6086589506,18508.8268179772,19838.14245010856,18947.721032286358,18723.430792398187,19909.291428777917,19706.596395473454,19872.196078018023,19923.326474166606,19698.689938350737,19499.308463066114,21466.863313316,21386.575408587534,19463.855210960537,19412.250635562334,20912.823848147804,21677.34975760931,20052.187091536223,19734.092703433344,19762.734061477404,21838.31743118942,21965.634110564184,22050.031570591556,22157.33208326952,21707.947216493518,19919.592232469982
9,zipkin2.codec.CodecBenchmarks.readClientSpan_THRIFT,122841.11227146885,154642.1859158061,218861.7048338377,197726.8864256459,237523.5903331291,246837.0445316318,230537.45471136007,246951.21313720488,255794.1693088386,248755.98712897883,252150.21659478694,229529.70259999164,256141.77652938644,269738.58434721705,250848.3514829277,250954.03723262236,254121.45156498087,255151.7153307535,257531.0012141747,274606.3564439841,251254.90946624774,252641.45516153303,253987.04159482446,255492.5848886508,256124.75135977182,275400.0830202451,276711.6869232757,261045.0819276727,263356.87976214185,253607.2340761493
10,zipkin2.codec.CodecBenchmarks.writeClientSpan_THRIFT,247261.14723483744,357617.9320460404,397676.82925747824,377122.66771257384,242487.2144020364,311566.2835737048,405651.2046130127,379232.0911039729,377474.78706264764,379212.38038034266,412578.9718925561,416627.60753698956,418140.46427380055,412097.31328709866,417135.1976799156,351764.28229669045,413928.66451397166,385739.58918601373,422668.75253331277,423723.0560326383,422433.4913883579,424203.9960041019,424053.45161706593,424688.4279815323,426490.25283407606,424072.15883623064,424406.0426610737,423093.4391513825,381974.8696325712,421267.83968985174
11,zipkin2.codec.CodecBenchmarks.readChineseSpan_PROTO3,286692.8106668198,445009.395136782,498268.18492892856,474428.17418103013,456558.04476872366,529067.5819466318,545514.2957864555,512647.98111825273,498094.89574863634,499920.99326002353,501927.6845526892,551291.690249484,555190.2455350754,547527.455828524,510382.16684173647,549345.3250553276,459873.1788993273,556329.7203590414,513114.84812957025,557335.5788605873,558623.5834242342,554962.701120365,560121.8429769012,552210.7231968594,513275.35836795537,546246.9249509961,551374.175252143,506569.99669554713,555176.6764768404,556324.5106851886
12,zipkin2.codec.CodecBenchmarks.writeTenClientSpans_JSON_V2,75119.15867101873,75048.3824475727,81033.61875873225,79865.85064975433,78432.07837572458,77771.3187769313,82317.41571308246,82643.05210323693,78914.45812647711,76184.16481424424,81253.25081245901,81200.72107943139,78642.15102788204,76210.8326557602,81894.02962746004,82208.15742456731,82884.42444068177,78587.48912177746,82283.74888074037,76686.07749471763,83001.7323051967,83198.86767506434,83326.1263061359,81422.89709829733,80617.04449148545,75800.64142798874,82434.07615506426,82599.05435392295,82884.51169424116,82200.2123388394
13,zipkin2.SpanBenchmarks.padLeft_31Chars,22486666.551420454,29804841.717930604,33581831.256550156,30530181.760429293,32810899.956015475,32994023.949290644,34514760.61501372,35101090.68867946,30111838.17493037,30625537.6184863,33012841.45985137,33902639.07820727,28372496.647733256,32181908.95286122,33153776.089392345,36403673.85491075,31765472.475995496,34612873.20856942,30309802.342711665,35588810.14031297,34505215.03531182,31753368.505542673,33213992.46919468,34805105.561846256,32854243.9926193,35249557.209158,40742459.55854439,23954515.194821417,29015869.259835638,30161273.702695318
14,zipkin2.codec.JsonCodecBenchmarks.bytes_zipkinDecoder,177.09490512981162,209.5960714377237,214.67716622678046,199.4057099661536,202.74282032692966,221.67163625351623,224.42831080956407,218.61965994452606,204.56566046186887,205.63935805387592,224.61626586955165,226.32950224454308,225.87398902695605,220.49972537208185,206.44512916852858,221.65707168451203,205.98458436646004,224.26133519051223,224.96733402141285,216.81222955178444,219.4174733771155,200.1259154425214,201.6845454042178,218.7513479677812,225.5684271465302,224.02083851796377,224.39160748341342,216.8426552830015,216.55779374943512,207.36035199706865
15,zipkin2.codec.CodecBenchmarks.readClientSpan_JSON_V2,87922.26656047131,111176.5749405039,122853.4533467155,123068.19888826596,131772.33719561025,114795.54962899051,113252.49113303724,116822.39529687069,113320.19682221363,121541.22230363512,131373.97278411608,127482.37096944252,132500.36104164796,124644.90560453161,134630.826867411,141230.43733037502,135067.9338285661,136317.16548744278,137178.69619895297,137686.06884201316,128973.44087247884,131187.75088596635,144998.0484025128,147308.7771001287,142490.62176006666,146247.7462588719,137406.66694908688,124762.87679521488,147355.39254143919,132659.4022092717
16,zipkin2.codec.ProtoCodecBenchmarks.bytebuffer_zipkinDecoder,461.66640549111247,553.8030863803297,597.9853122108868,592.0008728444923,559.0286307331808,550.3831646947019,543.2311668505478,611.5182760544499,593.4221753331233,562.9936487580251,562.503742885418,562.268192765874,609.3722557990103,601.2887802345549,485.91911843215263,554.645865270775,554.5621803679079,559.2466941437417,615.4645207004478,621.780229474411,588.5780812880081,578.531903473049,602.3310571512384,547.7639716934018,560.4195566525882,618.2636146487182,623.2462598144334,624.1699779407462,607.3655125804553,589.5092831163937
17,zipkin2.collector.MetricsBenchmarks.incrementBytes_longSpans_inMemory,74833961.48498663,74681603.47443056,74753557.48492678,74667989.03999086,74775764.9986929,74879586.26832163,63726370.353612304,74581755.42356613,73991986.17288366,74801306.19112584,74574323.51013796,74377965.28393853,74517757.32787853,74670509.83816269,73425242.99768734,67915143.54410288,74711255.2667388,74655927.78306079,74818211.31869225,74905973.38069221,74689910.83278129,74339164.79590145,75163579.36778644,74857750.9185769,74840344.74619256,75095375.66836801,75105273.32330358,75609638.36041667,75166365.26664943,74712162.57209814
18,zipkin2.codec.CodecBenchmarks.writeChineseSpan_THRIFT,280720.12766159,306615.51038324146,393755.6888364792,398190.98503502767,373423.55160595436,432336.7109344011,444949.1283514846,432490.32827970455,406951.6481825724,432354.8461131671,424526.5329892959,404832.0755093586,445312.05679180595,448429.1909175075,451089.31487350614,450482.90060844796,432225.79092304735,445120.7418429763,396864.15257581405,448708.7577919195,404548.07758139493,406944.12702524726,448832.47043197515,450011.9502349494,452666.5884878429,448593.20534594654,449020.62244335574,448480.64930881973,449009.91447667463,448188.24131145934
19,zipkin2.server.internal.throttle.ThrottledCallBenchmarks.execute,94598.63720279033,93224.4614153641,90169.10783506001,94034.89645374913,94438.46258868414,94841.76349987692,94666.60004328098,74827.89672879412,91523.68232968566,82095.84092851315,81993.28890455162,94196.35325198455,93353.55643691891,92285.91001026922,87150.1544050418,72242.4440574008,95321.88430211047,92117.63895083085,94543.24369564175,93814.58508666034,93185.07528103594,94609.83593792806,94836.12377027994,94598.61587500213,95070.65737752191,94076.05741023525,93991.76364400049,94790.73665514849,94738.85033744726,91854.8350174744
20,zipkin2.server.internal.throttle.ThrottledCallBenchmarks.execute_overCapacity,91517.70222300533,88613.55745183601,92272.0353642308,91919.6853377044,91370.03554904123,76657.65031595471,86552.47841739492,92315.75876560475,90495.92230525825,91630.97176524322,92887.77130833303,92637.55288683463,90305.03930620797,70436.66626107504,90474.57079946395,93506.50724992188,92762.47874312103,88097.28611665386,93195.33942614941,92156.43208114908,92919.71656770789,92149.41321784825,92132.65701778834,91819.66297745676,93011.96395782816,91886.75177673693,89458.15096764395,89619.45110402985,90737.43349780072,89833.1180423563
21,zipkin2.elasticsearch.internal.BulkRequestBenchmarks.writeRequest_singleSpan,277865.4682780581,168255.7696692464,159437.77419736033,200000.0458433038,171619.60584184708,164647.01710076723,176892.02249552807,172224.22971652178,161597.22029120364,174331.45389987988,172867.67414399065,157464.22131846572,164892.19828723517,170842.94893635198,165670.08724111706,165928.97145345138,161412.14742709254,162643.21414042756,148899.49588591966,159747.0247621949,158657.24509132095,157784.9037021678,156174.85520045465,156055.45246492777,153952.2372975544,152521.94727705192,149638.53856283578,141129.0713574445,150693.96846126727,148561.68249341394
22,zipkin2.codec.CodecBenchmarks.writeChineseSpan_JSON_V1,54741.5199949753,52550.33407542235,51901.274039800395,53713.056948100566,54260.70423304093,54375.59741187693,53470.60155054587,51238.20619807762,54221.12497740553,54079.827850216796,54514.30605040426,51122.628825308115,54362.909766079545,54264.79243790374,54318.070506723074,54247.91224515891,52253.62075146863,52682.574139200166,54136.55240152927,54361.49350640788,54503.11245172655,53312.08434788546,53760.86128137042,54084.22564356494,53927.847229700885,50373.247115476006,53630.02902670083,53608.92183347743,53907.67000936345,53952.05043011049
23,zipkin2.internal.ReadBufferBenchmarks.readLong_8arity_localArray,143344699.3952248,143358706.03631988,136129002.6139137,142961666.51332915,143723107.16142142,143341813.27779195,143377863.22481075,143010145.20554635,142127095.8349131,141915914.60404187,137973763.56347072,143316875.5725764,143898960.42853436,143712621.58745527,143681959.70015,143009918.44019395,143355206.56235224,143555528.13354924,143976120.99140722,143908017.32407838,143779123.2192054,136374368.54106852,141686088.12540042,141951515.36191988,143255564.77562356,143276109.12429708,143169087.71288168,142721446.75760645,143035033.63180742,142430772.61303392
24,zipkin2.EndpointBenchmarks.parseIpv6_bytes,9256045.991143867,15569977.628166586,19970844.988682374,18012722.798609704,18388122.121031195,15713694.706387091,19090329.967748,16867226.071813166,17724907.13508908,10202566.763429295,8371726.635907877,8879466.216084143,13842600.242288254,18763726.485126108,18029262.044814505,19510930.5941357,21684003.22705821,22398056.760714836,20437765.2504118,10261755.236136507,9112950.504277978,10144813.89621944,10224893.569104007,10560983.856380269,10354520.323118925,10008748.33699207,9862119.4977019,14663287.00167445,19074640.7741863,21861615.686475687
25,zipkin2.internal.WriteBufferBenchmarks.writeUtf8_chinese,7302048.793238058,9105607.404952725,10822253.951419175,10792191.477130372,9162467.963866442,10847554.618148064,11535991.433465691,11742265.01120013,10959274.381773842,10919613.181517687,10362710.899818316,10812503.8232983,11897259.428938217,11825486.188678892,11476830.236435069,11259768.889685178,10899010.317955993,10829824.267140709,10810214.209704142,11944710.346796941,11969683.051498799,11875811.909758477,11700338.751231983,11947859.864761475,10956402.289760567,12006274.232130973,10481763.167591734,8879101.664102405,8890507.73854748,10868427.295164905
26,zipkin2.internal.WriteBufferBenchmarks.writeUtf8_chinese_jdk,1949243.7027633116,2320339.410575445,2702329.6244284757,2764966.698799311,2626610.593491269,2641205.4794802046,2676630.9911499787,2870370.7415383575,2780212.2691647215,2663853.1470798496,2633771.154681684,2662784.5785226044,2818147.4339112565,2915333.68886462,2887438.339428574,2814487.7718354356,2584325.8768561915,2698405.2403653217,2659893.2363974247,2920644.285805061,2900928.458717289,2919421.568972315,2935138.5929353773,2896324.389035383,2918986.67042208,2872348.6845235797,2931501.217174515,2795101.56611815,2930780.2709798915,2963087.3519765693
27,zipkin2.internal.WriteBufferBenchmarks.varIntSizeInBytes_32,307256849.8933254,307160181.54014224,296061540.3290102,305587769.31250995,306251361.3977219,294718318.06191003,306218067.85347545,306259142.2753209,303747751.5192341,293184431.3798895,307292668.98046285,306522286.2759662,305087751.10222745,304534809.6540516,306366513.2513343,306074073.62087506,306743882.9966098,305576887.2267588,305812538.6623544,307304823.3218384,306995436.8533556,295428184.77578866,303056468.72458416,303943384.5532922,304708825.7126204,301416290.3937484,303889539.7235577,305378325.0004254,304585054.4546037,304684810.9540594
28,zipkin2.SpanBenchmarks.buildClientSpan,3618192.693533172,3037338.346794811,3102505.821264046,2362997.4637555797,2525934.476024621,2760359.4432908325,2861848.6374259787,3157853.912596521,2418161.8144377964,2310036.106739142,1790156.5940413668,2349871.723932083,2693406.8385304855,3180577.7061586287,2818093.162450745,3006883.6066733063,3182523.3726151073,3221728.2300128285,3388881.8838183684,3327388.716483336,3058231.654341941,3326752.6541876434,3345557.333661807,3375545.147078219,3459032.491325341,3294181.2234985074,2992172.9755895296,3235082.219705336,3057999.148032695,2903938.178579092
29,zipkin2.SpanBenchmarks.buildClientSpan_clear,2748944.2955169464,3083412.053086688,3034155.4944613697,2299272.0864044125,3045450.403082938,2891859.6153820073,2863679.4200828364,3054822.342889904,3168186.9948701295,3078579.175227369,2873967.2112345463,3097527.3443149365,3200033.200313958,3265189.2584872576,3187853.402340592,2973936.0155748078,2839940.374967484,3065982.685219558,3259098.0045143953,3272574.3145172447,3266640.9567796662,3273584.003918794,3208649.3846592964,3082674.5923759146,2884995.314345559,3271580.8390019406,3110921.955667116,3080265.373894161,3290635.6583814546,3271623.2248864016
30,zipkin2.SpanBenchmarks.buildClientSpan_clone,2130739.31533238,3757151.4199425974,3642776.8269569445,3958944.411570536,3589273.627863394,3961457.3187678293,3604304.2584491763,4111221.8747643484,4485234.256828161,4387230.808494537,4169740.366140047,4561646.636091039,4250872.754280577,4553852.074972391,4187480.9245130336,4088350.1888007177,4391882.742715397,4404054.534882614,4061777.1141117276,4043825.7936032386,3980103.484684645,3701530.15167466,3773115.778986755,4127535.2008459168,3710538.3004957587,5028390.619786945,4203778.258937755,3790435.8614347694,3698843.579017955,3945186.421809042
31,zipkin2.SpanBenchmarks.buildClientSpan_longs,3219482.407992377,6385905.838816581,4139085.503614424,4923905.665624391,3769793.353755093,5757840.571324063,4580066.602094794,2429357.880993313,2409500.436103821,2136753.7232720144,2605159.109356763,2627880.758551557,2746237.2498677643,2829063.5948387785,2908752.3369710557,3124579.1380076613,2907508.5159777706,3224903.4222668004,3003742.815054475,3292727.5192364133,3246364.621242539,3255078.0283096274,3323195.656056824,3268663.4202844705,3317935.489307631,3327553.0691711567,3317679.6052325307,3316698.1972027374,3317292.0885282047,3229350.998552198
32,zipkin2.internal.ReadBufferBenchmarks.readLong_localArray,142111713.74646938,143471257.00458634,144129358.3862088,144581855.3118305,146354333.68260524,145082396.4183792,145055545.7899959,145570071.97796935,143942802.5012587,143420140.6092072,143282180.25204763,143790162.88039756,143648834.0573174,143746451.65756652,143591701.17029276,143273517.990146,143885527.67390415,143530013.865988,143935323.00850382,143586804.32106984,143865222.39237884,142726365.10557267,143104145.50981796,143651110.47567585,143561480.6141341,144288413.68638837,144067081.37251788,144939648.22989407,144214690.6781961,144421341.5488701
33,zipkin2.internal.DelayLimiterBenchmarks.shouldInvoke_sameData,32736906.278035242,33504977.28140599,33715601.290901735,33447492.63887977,33720730.26137756,33762737.68751179,33650464.92724271,26113313.205479845,31915425.9294255,31786898.854014467,31765959.299993373,31696112.799379885,31810770.833984904,23447524.13661295,23519400.26072943,23868176.692556478,24070313.13557265,23516000.684001677,23428716.233215787,23483012.154182427,31317087.3864487,23529220.424241383,30976184.58145546,31897542.3715913,31950503.30931826,31894721.32085085,31880223.771657057,26209176.137796793,31844464.922773212,31840799.370176345
34,zipkin2.codec.CodecBenchmarks.writeClientSpan_JSON_V1,262391.3961607389,256618.8903226985,300976.7054149444,314840.05978747783,320616.11216886796,318266.7803756759,297130.8848365816,312690.0042035346,292471.06650081504,316518.09556627175,296040.8005410667,318538.3493950887,321284.44745231053,318078.37738667754,320066.0494741869,295546.1943074131,314342.3932232513,291466.6739885271,319243.6669769386,288421.3444778106,315491.0354935057,314781.4553289745,314047.1146351497,313149.6989709252,293328.3751564418,307513.59369607497,285910.19913662516,314606.83080645284,285471.2120173058,312754.3593174334
35,zipkin2.internal.DelayLimiterBenchmarks.shouldInvoke_randomData,1663664.3602027297,1664887.2518266058,1691010.9085070535,1694396.557632944,1680815.195882047,1686435.7464594818,1654855.6824449403,1664889.1613760144,2170561.8511372367,2739773.078331166,2690069.04322554,1579568.2310978847,1626567.3451075596,1617557.6222312618,1597199.4756776984,1639674.5007737677,1639018.884692886,1609269.2175930047,1644518.7148851398,1644860.0461229146,1648938.5519081943,1614869.1792474368,1639642.2558602472,1640293.4719556253,2272353.361980861,1646606.3183392962,1605054.5202096389,1729807.5943564693,1651906.7924176906,1555483.2270593075
36,zipkin2.internal.ReadBufferBenchmarks.readLongReverseBytes,135428419.69729137,135154169.04517648,135518170.02782282,135783668.8059854,135256744.52504838,134941588.4993311,140922109.07825026,141484328.8102328,134409466.53736866,135298463.89879093,135251617.45442113,135197551.97112146,134833965.33780333,135488486.19584087,134326138.17146605,137713706.81685576,137745665.91608196,136358615.6590388,135573258.37362003,135708165.2554101,135826755.7015712,134705381.84800905,135745791.03351393,134756664.08292526,135857220.90282384,135037878.80094424,135084478.22380427,135008224.8053936,133031884.69272742,134676218.03960603
37,zipkin2.codec.JsonCodecBenchmarks.bytebuffer_zipkinDecoder,147.58372446128217,189.26601536346368,200.23065834673946,196.26139731527678,185.15603269597116,138.32453446325624,204.94878910448514,200.26064391076142,185.52516910848578,185.52381888324288,198.91598189541526,180.48360032275653,185.53757690450269,200.97489798949456,183.68348671827883,186.3755409223669,203.60627697272284,180.44604237888956,180.44415135529005,199.09426464283987,200.12301093532867,183.85996857073715,185.0736038966471,203.0916994162682,205.13831629725507,200.8052603081186,182.2771244683976,177.06703397505248,205.17762939023964,204.60575621705618
38,zipkin2.collector.MetricsBenchmarks.incrementBytes_mediumSpans_inMemory,74602404.46199673,74663491.54843111,75283353.6935901,75438792.64943793,75518600.4297405,62996088.742837794,71929801.64909168,75432745.46794195,74912219.86754206,74768901.25141478,74892178.45724915,74807035.07129815,74833898.0432654,74832944.02323253,74755194.92804837,74782483.8569968,74918411.5847452,74889806.34409772,75142810.18306656,74870048.52393718,74836082.5148931,74942758.38378012,74597576.76589069,74724966.32259764,74965676.7590164,75165388.23781732,75039020.17638355,75419757.78773841,75343350.9378682,75047991.34142078
39,zipkin2.EndpointBenchmarks.parseIpv4_literal,22914521.01692538,24792104.77442152,10723890.924075212,11895535.795397263,11753717.036855437,11849689.967326809,11909407.327372395,11934632.147674255,11997750.312101953,11840314.673590455,11744329.009840969,11370071.986259986,11934338.828991394,11932108.958708081,11964582.938342147,12028885.261307854,11895656.439116955,17616982.172937326,11596605.7555207,17554280.42552566,24500556.795117974,15671393.235050483,19324825.311612904,11629017.593232285,11426106.21681054,11997750.484142201,11725597.198615815,10928957.679078918,11356946.376701456,11802607.585142098
40,zipkin2.codec.ProtoCodecBenchmarks.bytes_wireDecoder,350.59955535526035,433.52048737582277,465.24383571892275,448.97572250083687,415.78219018046684,436.3226483574634,472.4420693627645,439.9799188775202,421.58823577834755,437.09324400507273,471.2699856838871,464.2063037754552,432.1358117786544,433.38732077800347,477.25419820524405,482.9025542066024,449.3026885176582,441.1054835132998,444.40620761503754,438.95663081551567,473.19746514347355,464.63565316475695,448.5843323373852,399.9567494629223,439.0777803495761,436.7891989378735,404.91153382106666,457.772280721183,477.8699074379158,405.0795183665987
41,zipkin2.SpanBenchmarks.padLeft_17Chars,25710166.977672435,35471288.818308815,33382848.87650653,30932586.86476322,29567828.077134438,27238484.576040003,31873625.058573794,30123071.518098332,33730710.981221415,29806697.908728004,35771717.558461726,34165508.94503243,34291586.910007685,31949123.77914487,40436367.15843754,46076361.43903972,37783234.13506551,35874057.214984834,39248061.05422221,26173411.37276139,33989039.41506292,28892748.891273152,31232564.547605913,35213902.569034696,32700779.363546554,31811006.343140945,33576647.28198228,34101645.86611268,34517375.13591216,34291189.91033459
42,zipkin2.codec.JsonCodecBenchmarks.bytebuffer_moshiDecoder,139.32612439929267,159.86313745443437,153.82691792366407,144.5652254334223,140.752575692026,164.66590276324754,165.40684936035424,154.88674686033892,152.64254672129212,157.12756222171666,150.617868760728,163.87162771912205,153.67725456015822,153.8913663916591,165.3693525635137,153.65149766035412,153.15437511792203,167.1062140325633,139.94281043513638,154.44211507982388,153.49858979549788,153.6402110384779,155.75236715671778,152.23746628044597,155.10345164089384,147.25257215470057,159.40050998439764,150.8972679328132,155.59682978680598,153.8884396528927
43,zipkin2.EndpointBenchmarks.parseIpv4_bytes,11372727.202334765,6372854.183736401,14603856.427748518,15386130.252439419,10794480.652312182,6922695.90762144,14903678.576050475,13250753.331739513,14154805.098114187,13596039.671827316,13636970.138036016,14719790.449895144,14788467.375253655,14079102.58605506,15788169.163573325,15075291.08445273,15113365.448785964,6853446.304215269,6868348.258628901,10328135.754372027,6339416.7355579,13270856.570506996,14406283.762649298,15465981.829021623,13096961.04039888,14311426.231314667,15196255.566879876,8659290.055290766,13555905.154301371,14795008.917767938
44,zipkin2.codec.CodecBenchmarks.readChineseSpan_JSON_V1,40464.900314499,61152.29094056923,70454.41225744526,69740.89323497062,43972.8963104438,65989.09487089697,74151.68007174823,76431.36470597568,68966.80818856509,68779.710337224,70004.46012841318,70791.15425376916,77337.39053876587,78092.44770823343,76453.75245544274,71873.79747752793,71302.71159885018,73872.56357622198,76488.57496150277,71623.49754110345,71218.3693427724,78473.70680451645,78249.55650137503,78860.34842355295,79010.85547486825,79156.7247441388,78449.10848986285,77272.56011001699,78149.10296525634,67440.31950021531
45,zipkin2.internal.WriteBufferBenchmarks.varIntSizeInBytes_64,305883426.3851262,286474520.0915037,305951511.7357769,305022339.81841797,304124251.46979856,305923441.8836885,301843518.2388503,302222376.4493714,303006883.02960706,304228040.7906605,306374346.822842,309775588.5906502,295822517.78344494,307829718.3332564,309160371.4696188,307983765.5827036,306025094.57975537,307585976.31351125,304845570.4390125,303999898.4164529,305452898.8688724,305813273.3458551,301066221.4398976,304448473.72392124,304867463.5847297,281422893.1235885,304179921.3901979,287102922.6056958,303658050.1964037,306510005.49369854
46,zipkin2.collector.MetricsBenchmarks.incrementBytes_shortSpans_inMemory,74963263.01941967,75401808.23597002,71924599.53149396,75896422.57632637,64304219.10112825,75865939.05626671,75379122.5443988,75830924.57120155,75247414.94245009,75108882.83340229,75187105.02454787,75242332.63662072,75172208.74567288,75151030.6614769,74946029.31069078,75005773.41365676,75291723.59697995,68600542.75419886,74727628.00363879,74605680.67178449,74814219.09973942,75089842.85136756,72424251.51952024,75168172.56289099,71706182.06430925,74731705.86733226,74525818.84190474,73664059.76691702,74397058.52849676,74445929.4942782
47,zipkin2.SpanBenchmarks.buildClientSpan_longs,2716879.288214015,4907223.356402647,2720008.802167771,2023388.2876106568,2157797.7698289044,2751215.486013922,2718486.809080246,2625043.1656111567,2799541.1901539713,2480192.894482945,2915201.312161003,3061074.5902894316,3010164.53174111,2895202.9809908937,2984961.711026265,2839203.452752728,3201309.285213505,3279711.0856804615,2978390.998760865,3190176.549522616,3006113.6805683365,3083833.0606886162,3096142.3943771124,3176859.0682805562,6760852.454881691,3427813.6436549933,3430906.466676172,3230105.9666607147,3041021.722408019,3070852.953107564
48,zipkin2.EndpointBenchmarks.parseIpv6_literal,3355974.167570859,2061794.5576881259,2437469.0454217917,2437787.771982553,2414791.5127575425,2213743.3237744626,2136539.997666289,2367204.7644054075,2317477.2869872204,2124206.410330929,2311334.3224875038,2421664.166528613,2443880.1525118947,2326834.3472267957,2422052.7275719596,2312913.9462597696,2317544.9470583266,2424949.134049965,2427387.6196309207,2531082.682991526,4023401.7012155876,3858351.7877257117,4496455.051748265,4535538.579826163,4686471.552615945,3737350.7182732313,4652546.61168885,2456646.5666755307,2135224.0868920824,2077981.9192778622
49,zipkin2.EndpointBenchmarks.parseIpv6_addr,8160980.29318904,9522283.01871258,10669357.71352663,10172423.705402303,9509613.605101895,10944589.053017706,11058862.807108592,11083617.427158393,10259593.324320115,10311362.531964142,10360424.382610863,11098149.495693412,11083790.993567184,11002245.895524131,9144710.31853165,9785458.307096174,10863969.022594964,10148281.050431006,10336006.574304484,10424405.78364367,11009852.271204416,11163632.432646504,11129862.573700866,11030710.687774027,11082969.9216416,11117793.597031359,11024352.654587321,11118274.88554291,11159211.088484677,10824587.51766999
50,zipkin2.codec.CodecBenchmarks.readChineseSpan_JSON_V2,96374.66700679014,124852.48327765206,140008.35681513528,140079.52188587576,148806.07730736386,144491.22214250852,143218.26122197654,153024.21706899296,145406.5458292663,128900.38949886696,155465.2603349086,145894.96675476246,157585.82865364847,158164.3446934247,148811.2109591415,155152.47995357335,146489.48960596512,159283.24647659104,132436.2721994802,157673.6980697189,146338.420300857,145594.81841329148,144205.69864453212,141907.74652113114,157500.6294686208,159371.38929429074,157430.07940513486,158944.77562362267,149458.8629224631,155205.46103068136
51,zipkin2.codec.JsonCodecBenchmarks.bytebuffer_jacksonDecoder,236.40688349812922,265.9639533774553,241.96968919190584,250.79017091100351,269.40954587468826,252.83214574976532,255.51401183845525,271.8831762329599,257.09316248656967,251.7859167582031,277.20223276427186,270.5152839513339,261.1051742903448,264.4469238825156,280.88249308989833,282.11393120470757,260.8862315442197,263.14982108418747,270.1707104638897,251.68797738068162,275.376907700093,258.8858397425319,235.43271686400382,277.35214864769415,279.9471869370434,277.270302476836,276.8097616608693,252.8701610342452,254.30234668779437,276.7871224705337
52,zipkin2.codec.CodecBenchmarks.writeChineseSpan_PROTO3,656825.9667899449,781022.9381409426,785305.1073949751,763765.0517757211,773475.3007452376,790443.6358946201,741363.0713156074,801295.4353001742,764867.464880197,762222.8055576539,800825.6809015726,804037.6040499045,779664.064402398,748131.3769127394,794219.9655718071,796247.4220021308,796254.793383369,796374.8932878138,743624.2811036737,806233.4047941376,797295.745494628,794621.373600525,766789.2590315945,744571.7821411748,793227.4879405763,795302.2474774839,793968.8118573424,794743.3322044614,758469.1778275082,765936.7159348284
53,zipkin2.codec.CodecBenchmarks.writeClientSpan_PROTO3,635964.4601223221,719272.8984180262,726615.1654228317,699728.7073566227,706962.8150263623,729905.6303951675,729056.6343110286,683233.9684274043,699710.01216869,714753.8516528974,718655.5402804944,710013.1680678056,691131.8987450642,678340.0310903533,715488.4198589338,718794.3271222723,717250.8435432405,718309.3633166018,717220.6563740022,716693.4242976876,717307.2895021534,716562.1871469398,718736.5359082622,716057.965389047,713554.7891628036,677905.1594391507,704939.091927528,711732.1113289288,711674.2009457669,716783.3480081529
54,zipkin2.codec.CodecBenchmarks.readChineseSpan_THRIFT,169493.00784611146,211453.55464131534,230926.99941972631,227571.4475271082,225440.29803421482,216063.69010717067,204959.66771750874,240609.77362080396,229158.84183674006,226531.2769518868,227117.77523007902,219327.65091956043,228458.68059988643,243304.96216139238,228042.39856605246,226190.5876893393,226854.88426253898,222317.5924864951,226195.40133493586,246809.46470964918,244244.7933553963,227363.4782876556,227013.51405434715,225276.0529119511,203504.44638217625,246124.64139753394,248742.45755242993,242917.07427453063,227364.46518970936,231082.959228249
55,zipkin2.internal.WriteBufferBenchmarks.utf8SizeInBytes_chinese,30695297.34489792,30465219.9197761,30330832.284213923,30252720.189397834,30363710.103259377,30419680.379940636,30406427.337228425,30281895.57314065,30259487.76207756,30381348.69788019,30296287.079358894,30630564.591185253,30435502.917453464,30460579.301612783,30517193.604005165,30187613.815258253,30364899.367965423,30328882.752421696,30323577.330999557,30251691.05398776,30291014.78667409,30323781.843934715,30459750.366635557,30223541.240189064,30435332.055676606,28053300.27127369,30153691.062846784,30091791.397773948,29849103.904692553,30095414.5013347
56,zipkin2.codec.CodecBenchmarks.readClientSpan_PROTO3,403439.8850452496,555899.4563104849,623124.475497723,580442.9237432763,564182.783748134,575698.7382520196,644622.892884353,661473.1201532397,512963.4905301503,479140.4313488988,582529.5303363088,509083.17690407054,547014.5017666458,602664.839445519,586469.309380164,560037.3852209828,578706.9668427417,585260.4763895015,584320.9609204492,604414.0675625986,654901.2438332518,665766.7470969295,613996.2348666507,597057.4783967509,598473.547375539,610656.9767807721,662330.6762702331,670215.2994202499,667721.6081384551,663365.5590723654
57,zipkin2.codec.CodecBenchmarks.writeClientSpan_JSON_V2,650001.5886300355,626163.543313271,674503.6939830222,655949.9257861496,610281.9795265951,678702.0296043031,681127.1021791731,652671.1643853621,616430.2443633125,681110.5495502335,681897.9230893933,657799.8879192793,672772.1231665101,614811.2506913008,684063.8930204299,682585.0371460506,687790.6368019799,654848.4612934231,623445.246654644,664903.2455864134,687867.2802162064,688603.2525303311,653330.2469710604,610991.593142528,684870.5330814312,688836.1945841727,677107.692661766,662865.7666358915,615855.3559404775,670159.1453876431
58,zipkin2.elasticsearch.internal.BulkRequestBenchmarks.buildAndWriteRequest_tenSpans,18073.65432677749,27700.144539269924,23560.973708854348,15763.294124804113,11843.876059392165,17021.084767321892,14991.748980748256,16485.002594129655,15394.475392355103,16314.737060513737,16342.636254740843,15401.48131922205,15419.347369198644,15988.852548965919,16100.723430018552,16008.595803981996,15768.823076451852,15610.68574051189,15054.698407229682,14490.935607331512,14851.922598347535,15169.510883986502,15031.266795708832,14894.178588739676,15585.46133577015,14730.498940230835,13791.878579780845,13841.356380589317,14360.203835565962,14291.79662444335
59,zipkin2.SpanBenchmarks.buildClientSpan_clear,3759558.365650445,2364446.8565233788,3071972.2896385207,2799842.6778658647,3515330.3128038812,4377272.454783296,2304163.9235895164,2672355.235388482,3700997.890495872,4160287.418353811,5106398.74373132,5012673.898194551,5225562.24807865,4515683.1229256485,2876383.7886564415,3088321.394628737,3083545.0472244527,3074499.096932174,3054186.5424208343,2908439.340200668,2882573.9267013343,2721230.4245741665,2923113.209313647,3077702.246602295,3141702.876140499,3054257.9610178107,2613266.9842467066,2925366.814334033,2736550.043947736,2478943.2709652567
60,zipkin2.codec.JsonCodecBenchmarks.bytes_moshiDecoder,137.1874743950887,157.45073951601972,164.8930293970051,164.76631029444627,149.6477253636531,146.25298093962175,166.17822435326804,166.71028220265356,160.46181242425385,155.14145961334302,153.40018137819717,168.9385074932978,167.23317285555112,154.1884578487842,168.15468287792433,154.83976028248267,169.43537710746998,169.23672022178937,168.23412878486835,164.95948112189984,166.3234973039773,151.17444467223936,164.6331846790224,156.93246439999956,167.13892748922072,167.41550709512848,166.67228179263122,160.48957750330229,163.7382902137432,157.7557647336201
61,zipkin2.internal.WriteBufferBenchmarks.writeUtf8_chinese_jdk,1961905.729718344,2548782.6158913225,2737193.2307864106,2399950.786928426,2594188.170154907,2548271.6716469675,2492611.047397638,2727818.2991078286,2775866.6977444896,2636906.5698347636,2685707.274481919,2670546.5116037894,2891517.948717631,2934325.3582107765,2863212.3492185087,2863649.399478535,2390221.2099386053,2881878.87109345,2663741.741007798,2932539.550804841,2935128.3327632495,2931465.1866361657,2928626.038346258,2664597.358580015,2845249.932870866,2882639.4075605324,2581151.4805971375,2932287.0198206436,2870045.677166185,2712658.262144854
62,zipkin2.server.internal.throttle.ThrottledCallBenchmarks.execute_overCapacity,90389.781140038,93029.86052059589,90775.74548674775,93634.7379272691,62650.60945540687,89873.68113344836,92679.83458770806,92589.4985828976,89524.92826658726,85517.03345950002,92568.53185700093,90974.61297120666,81367.43183384165,91825.95147695264,91467.31518023477,91802.35497551116,93269.63952933392,92924.16941159942,92767.72468175233,92455.07023178824,92088.11637503697,93264.5155583072,93359.52398923048,93148.34863234946,93268.94508866768,93558.95255484112,92671.63259541016,92444.77660464085,91796.20111057979,90874.77956814927
63,zipkin2.codec.CodecBenchmarks.readClientSpan_JSON_V1,53863.20823520102,70004.05182480169,73470.86315897387,74369.44667044879,62366.85653004222,67604.75393966187,61807.53663285382,66870.37391720056,68882.58979659888,69830.14897516354,63537.27674627107,78307.08779854533,74748.01109446296,67885.33141762523,72520.72629761802,80707.12857160148,74354.79638439437,76390.40241213587,77128.67163520497,70645.62262109552,81823.62730009499,83235.32850616549,84008.82200307734,84161.06947683786,84412.9392249022,75117.0843162958,76644.76628674514,81994.15544508294,77782.07935363307,77089.12125334059
64,zipkin2.elasticsearch.internal.BulkRequestBenchmarks.buildAndWriteRequest_singleSpan,200698.80468505708,229029.51750617224,152311.8256407574,193331.0919850571,177561.63975193276,133023.17915410976,128312.37626401943,183498.46288846206,126107.81244339916,189977.82011237746,203554.424066575,152210.47859426937,126884.47936823082,161492.75570697626,130230.60626868405,111430.00749039963,136405.50429874187,140068.82766529737,133052.70960127958,121841.26099315195,136558.9829803663,135901.74086219814,134782.63143302535,134549.17453838402,129066.38822548592,126644.71795335112,122611.01649608198,130362.03354163942,174650.63157539905,127620.87678059109
65,zipkin2.codec.CodecBenchmarks.writeChineseSpan_JSON_V2,662408.4411152735,672592.8989944286,703403.9586124155,557125.3553170909,634622.1298404131,680035.6336796499,515424.47101486207,728363.7194519414,677980.7355595893,703340.1026620405,746061.201372219,710766.4911272842,675387.6501490234,746958.7573400356,746012.1644246707,675118.3103064222,688697.5486113452,742358.6704104604,714281.2201774284,713766.3115305781,706646.891503668,741288.596400061,747687.570437446,741969.971246479,737846.3468431466,713682.4885498382,744700.0624698296,679582.1461846265,749251.8217209541,752295.2540666474
66,zipkin2.codec.ProtoCodecBenchmarks.bytes_protobufDecoder,464.57317452742774,594.4260389076358,661.2915372148525,691.3048984550427,701.2982444073841,664.3075517160856,652.3581539453473,696.8128302257647,655.6881208455203,644.9341671412101,703.0373002180937,643.277309463406,709.9198321282228,711.0241392775175,705.8424804462065,711.0570849760404,702.6508310049267,710.7603961987285,664.5186955351573,699.9223051295114,648.8077482865177,641.1656312878705,643.9240293478449,644.5862507407498,709.1766586644704,713.7221148120905,714.5646432825687,714.6559964933148,713.2586289954014,695.5369623435041
67,zipkin2.codec.JsonCodecBenchmarks.bytes_jacksonDecoder,229.8601709931006,267.73532994696313,253.26801264117287,256.1155816733655,274.2893631635244,276.8792758583178,258.7822021098854,257.30247845385696,275.23088085236884,236.37830931312698,253.58498588892536,279.4019568754256,258.6814854650584,259.7222371964856,279.1738698011798,261.2291264318143,255.41892322675375,276.9637616888147,278.66720581472566,257.86563720013726,247.68984079983173,271.881119201834,276.93622371550487,261.142399481262,264.4623878992215,266.75324574574785,278.7397638179236,282.1334738691675,282.3570312510008,259.62281504147427
68,zipkin2.SpanBenchmarks.padLeft_1Char,22689745.969187774,32358248.638288803,37406244.2634995,37970051.368569955,49272648.831347026,39293055.68386963,32573466.21471838,26445890.354832914,34498732.890694514,34608659.34811263,31781796.16141109,36426745.54650627,36445915.45163576,36341455.59275577,38143737.309747085,50696171.01411918,54367792.04640287,28186490.442769006,34280234.76118191,53904138.908571064,53369410.90124051,64993864.43981424,56797537.40521859,62522741.16136711,47783732.312078655,63571197.93978688,37314904.94321267,42215044.19454284,43917552.94270494,54220206.62806551
69,zipkin2.SpanBenchmarks.buildClientSpan_clone,3892213.898496329,3588364.3448486393,3904630.7793792547,3673295.2231164183,3021306.544488445,3023400.2070476357,3197952.8253896753,3817750.3563398104,3670579.8695516544,3811417.2600725954,3321462.7849498037,3677221.22796705,3784133.6825129176,3740888.8548345403,3993284.940455347,3785029.6545859445,3783874.940178967,3675053.0534906276,4090234.696742166,4072988.252634442,3761808.2841148563,3863211.7658810187,3896181.3345866785,3913891.3063035905,3927052.269710765,3916297.220990325,4150694.344473318,6306447.092909364,3911691.6179359094,4167672.753219529
70,zipkin2.SpanBenchmarks.padLeft_15Chars,38405342.78502056,54485773.11658388,49792034.99043712,33295513.2061409,33420359.702099934,48214792.89468035,66497766.83746719,49175826.762193725,45523121.401757866,39256469.557376005,24915679.961161185,19684664.48082614,34091784.86939818,42540425.460275084,24616944.569882467,25549040.88367212,27559213.8831394,28462108.39665901,25257609.747956477,25942696.644628,28013167.160488814,27215615.131111816,28075525.806058757,24299811.201300897,28982891.332623687,30038998.712588616,29103094.257475257,28962193.130166836,45933760.634845205,49441370.39015244
71,zipkin2.internal.ReadBufferBenchmarks.readLong_8arity,143469521.8690055,143126803.21152747,143476633.01760536,143072730.48218796,143050524.00873965,143238486.8524003,143730751.84433407,143526653.0874913,143019465.54091784,142112193.08794478,142897637.9400039,140385493.1719383,142356870.2498601,142576881.06733721,143868163.7760804,137042080.06698802,135259429.46585396,141287751.6951352,143204929.45681015,144038708.8345034,143432035.42462653,144069150.6327748,143283134.72103277,143582505.15720788,142679200.69993702,141653608.43457562,143141192.7108571,142104125.91376323,143118024.08040896,142827002.55250114
72,zipkin2.internal.ReadBufferBenchmarks.readLong_8arity_localArray,141779831.68064582,142429385.6619429,142317863.25129056,141786925.73182806,141379190.26836637,140640588.76129514,141318870.11327147,141824970.69858328,141325738.19639158,141837983.19086286,142159104.10811612,141959916.95687962,142296055.94253787,142712249.5384959,142491105.00151128,142523827.46553892,142952014.2186379,142124836.8942927,143693370.0326301,142689178.44244573,142504216.16835865,142242214.82088858,138344781.56499892,141866050.92603144,142852293.9792954,142931670.66240928,142241407.94951674,142047752.7527267,141165577.3566093,136372444.72532693
73,zipkin2.codec.ProtoCodecBenchmarks.bytes_zipkinDecoder,474.7559716325331,597.8529420077286,648.425881131143,668.2347429182879,669.8265612122206,625.9281449963047,629.6144433824714,651.541346824346,609.3720372406472,614.1040129887729,551.9694399374704,536.6642095093503,613.582242757493,489.5496834921071,660.6464378819601,663.2035546665361,608.9085022820514,593.5218813262351,586.3726425414649,616.3026252296319,648.5788515321517,668.075798637832,665.4523561244566,609.1785117479897,620.8109056202949,638.9595087515563,607.0708422587433,636.1075347676457,622.2235887836921,654.3530261508297
